{"jsonProfileVersion":1,"_setupMode":1,"_maxBlurIndex":1,"_sensorResIndex":0,"_tonemapIndex":2,"_afModeIndex":0,"_focalIndex":2,"_apertureIndex":2,"_sensorSizeIndex":0,"_streamModeIndex":0,"_targetSubMenu":"","_customSensorRes":{"x":1920,"y":1080},"_cameraModelPosition":{"x":0.0,"y":0.0,"z":0.0},"_cameraModelRotation":{"x":0.0,"y":0.0,"z":0.0},"_cameraRotation":{"x":0.0000734245331841521,"y":88.630859375,"z":90.0},"_focusPenRotation":{"x":0.0,"y":271.3691101074219,"z":270.0},"_previewPosition":{"x":0.0,"y":0.0,"z":-0.013000000268220902},"_cameraSize":1.5,"_previewSize":0.08500000089406967,"_cameraModel":"3bcfefd9ff1a42a4599d149a334a5562","_useWriteDefaults":false,"_useDisableButton":false,"_av3Puppet":true,"_av3Zoom":false,"_av3Exposure":false,"_av3Aperture":false,"_av3Focus":false,"_animAE":true,"_animDOF":true,"_animGrid":false,"_animLevel":false,"_animDirectStream":false,"_animLegacyStream":false,"_cameraPosition":{"x":0.5304675698280335,"y":0.9090760946273804,"z":-0.007414817810058594},"_focusPenPosition":{"x":-0.6157684922218323,"y":1.0372198820114136,"z":0.006267305929213762},"_SelfFocusPosition":{"x":0.0,"y":1.171694278717041,"z":0.07062171399593353},"_CamHeadPosition":{"x":0.25,"y":1.171694278717041,"z":0.02062171697616577},"_CamHeadRotation":{"x":0.0,"y":0.0,"z":0.0}}